おにやんま,うどん,https://tabelog.com/tokyo/A1316/A131603/13111869/
うどん,スープカレー,https://tabelog.com/tokyo/A1316/A131603/13004531/
すごい煮干ラーメン凪 五反田西口店,ラーメン、つけ麺,https://tabelog.com/tokyo/A1316/A131603/13175999/
スワチカ,定食・食堂、洋食、カレーライス,https://tabelog.com/tokyo/A1316/A131603/13014630/
ぎたろう軍鶏 炭火焼鳥 たかはし,焼鳥,https://tabelog.com/tokyo/A1316/A131603/13020372/
銀座 いし井 五反田店,つけ麺、ラーメン,https://tabelog.com/tokyo/A1316/A131603/13159962/
とん金,とんかつ、カレーライス、定食・食堂,https://tabelog.com/tokyo/A1316/A131603/13025438/
いざかや ほうせいどう,居酒屋、和食（その他）,https://tabelog.com/tokyo/A1316/A131603/13052714/
モンスターグリル,ステーキ、ハンバーグ、バル・バール,https://tabelog.com/tokyo/A1316/A131603/13174322/
ラーメン魁力屋 五反田店,ラーメン、餃子,https://tabelog.com/tokyo/A1316/A131603/13180547/
平太周 味庵,ラーメン、つけ麺、油そば,https://tabelog.com/tokyo/A1316/A131603/13002046/
スペインバル・ジローナ,スペイン料理、バル・バール,https://tabelog.com/tokyo/A1316/A131603/13011022/
会津喜多方ラーメン 小法師 西五反田店,ラーメン、餃子,https://tabelog.com/tokyo/A1316/A131603/13003386/
オスロコーヒー 五反田駅前店,カフェ、コーヒー専門店、ケーキ,https://tabelog.com/tokyo/A1316/A131603/13152885/
ラーメン タロー 五反田の陣,ラーメン,https://tabelog.com/tokyo/A1316/A131603/13180519/
ちりばり,居酒屋、タイカレー、東南アジア料理（その他）,https://tabelog.com/tokyo/A1316/A131603/13146763/
テナム,焼肉、韓国料理、ホルモン,https://tabelog.com/tokyo/A1316/A131603/13028834/
ＫＵＲＡ 五反田店,イタリアン、パスタ、ダイニングバー,https://tabelog.com/tokyo/A1316/A131603/13007453/
豚とこむぎ,ラーメン、つけ麺,https://tabelog.com/tokyo/A1316/A131603/13090222/
いろり焼　玉の屋,居酒屋、魚介料理・海鮮料理、日本酒バー,https://tabelog.com/tokyo/A1316/A131603/13139911/
陳家私菜 五反田店,中華料理、居酒屋、ラーメン,https://tabelog.com/tokyo/A1316/A131603/13050281/
つけそば 麺彩房 五反田店,つけ麺、ラーメン,https://tabelog.com/tokyo/A1316/A131603/13036956/
食事処 志野,定食・食堂、中華麺（その他）,https://tabelog.com/tokyo/A1316/A131603/13054159/
東京酒樓,中華料理,https://tabelog.com/tokyo/A1316/A131603/13012677/
シロクマカレー 五反田TOC店,カレーライス、弁当,https://tabelog.com/tokyo/A1316/A131603/13127869/
王豚足家 五反田本店,韓国料理、焼肉、居酒屋,https://tabelog.com/tokyo/A1316/A131603/13012679/
フォンティナ,洋食、イタリアン、ピザ,https://tabelog.com/tokyo/A1316/A131603/13031086/
五反田 信濃屋,焼鳥、弁当、鳥料理,https://tabelog.com/tokyo/A1316/A131603/13045059/
なかみち,魚介料理・海鮮料理、定食・食堂,https://tabelog.com/tokyo/A1316/A131603/13090683/
天下一品 五反田店,ラーメン、餃子,https://tabelog.com/tokyo/A1316/A131603/13002034/
三田製麺所 五反田店,つけ麺,https://tabelog.com/tokyo/A1316/A131603/13094222/
悟空,中華料理,https://tabelog.com/tokyo/A1316/A131603/13083288/
なるとキッチン 五反田店,居酒屋、鳥料理、ビアホール・ビアレストラン,https://tabelog.com/tokyo/A1316/A131603/13208071/
山頭火 五反田店,ラーメン,https://tabelog.com/tokyo/A1316/A131603/13003387/
立呑処　へそ 五反田店,立ち飲み居酒屋・バー、串揚げ・串かつ、居酒屋,https://tabelog.com/tokyo/A1316/A131603/13098037/
カントラ,韓国料理、居酒屋、焼肉,https://tabelog.com/tokyo/A1316/A131603/13118780/
そら豆 五反田店,バル・バール,https://tabelog.com/tokyo/A1316/A131603/13152331/
芳寿司,寿司,https://tabelog.com/tokyo/A1316/A131603/13030438/
魚がし日本一 五反田店,寿司、立ち食い寿司、和食（その他）,https://tabelog.com/tokyo/A1316/A131603/13026345/
ゆで太郎 西五反田本店,そば、立ち食いそば,https://tabelog.com/tokyo/A1316/A131603/13042539/
陳麻家 西口店,四川料理、担々麺,https://tabelog.com/tokyo/A1316/A131603/13028319/
伊酒家 あずき 五反田駅前店,イタリアン、パスタ、居酒屋,https://tabelog.com/tokyo/A1316/A131603/13124251/
すてーき亭 五反田店,ステーキ、ハンバーグ,https://tabelog.com/tokyo/A1316/A131603/13151968/
ジンギスカン霧島 五反田店,焼肉、ジンギスカン、居酒屋・ダイニングバー（その他）,https://tabelog.com/tokyo/A1316/A131603/13195060/
てけてけ 五反田店,居酒屋、焼鳥、水炊き,https://tabelog.com/tokyo/A1316/A131603/13148984/
スターバックス コーヒー 西五反田店,カフェ,https://tabelog.com/tokyo/A1316/A131603/13033129/
なか卯 五反田店,牛丼、親子丼、うどん,https://tabelog.com/tokyo/A1316/A131603/13093635/
サイゼリヤ 五反田西口店,ファミレス、イタリアン、パスタ,https://tabelog.com/tokyo/A1316/A131603/13121522/
ドトールコーヒーショップ 五反田桜田通り店,コーヒー専門店、カフェ、喫茶店,https://tabelog.com/tokyo/A1316/A131603/13142406/
ラスクス TOC店,インド料理、インドカレー、ネパール料理,https://tabelog.com/tokyo/A1316/A131603/13141499/
カプリス,洋食、イタリアン,https://tabelog.com/tokyo/A1316/A131603/13054539/
とりさく 五反田店,居酒屋、魚介料理・海鮮料理、焼鳥,https://tabelog.com/tokyo/A1316/A131603/13030728/
陳麻家 さくら通り店,四川料理、担々麺、居酒屋,https://tabelog.com/tokyo/A1316/A131603/13028321/
お弁当たっくたっく 五反田店,弁当,https://tabelog.com/tokyo/A1316/A131603/13103177/
七厘焼　若,ふぐ、魚介料理・海鮮料理、うどん,https://tabelog.com/tokyo/A1316/A131603/13076648/
すしダイニング遊膳,寿司、魚介料理・海鮮料理、鍋（その他）,https://tabelog.com/tokyo/A1316/A131603/13136646/
楼蘭,中華料理、上海料理、中華麺（その他）,https://tabelog.com/tokyo/A1316/A131603/13096889/
ラーンナー タイレストラン,タイ料理,https://tabelog.com/tokyo/A1316/A131603/13206059/
東京チキン 五反田桜小路,バル・バール、ワインバー、鳥料理,https://tabelog.com/tokyo/A1316/A131603/13191840/
大衆魚酒場 福松,居酒屋,https://tabelog.com/tokyo/A1316/A131603/13187463/
来殿寿し,寿司、魚介料理・海鮮料理、和食（その他）,https://tabelog.com/tokyo/A1316/A131603/13038562/
なお樹,居酒屋、魚介料理・海鮮料理、創作料理,https://tabelog.com/tokyo/A1316/A131603/13046516/
豚丼 黄金豚,豚丼,https://tabelog.com/tokyo/A1316/A131603/13205862/
岸商店,弁当,https://tabelog.com/tokyo/A1316/A131603/13132686/
三弘亭,居酒屋、焼鳥、豚丼,https://tabelog.com/tokyo/A1316/A131603/13142839/
R Baker Inspired by court rosarian 五反田店,パン、カフェ,https://tabelog.com/tokyo/A1316/A131603/13214465/
福祥餃子楼,居酒屋、中華料理、餃子,https://tabelog.com/tokyo/A1316/A131603/13212245/
シンク フード ロータス カフェ,コーヒー専門店、ハンバーガー、カフェ,https://tabelog.com/tokyo/A1316/A131603/13182685/
たから,焼鳥、水炊き、居酒屋,https://tabelog.com/tokyo/A1316/A131603/13056142/
辰巳家,中華料理、居酒屋、ラーメン,https://tabelog.com/tokyo/A1316/A131603/13062060/
Sガスト 西五反田店,ファミレス,https://tabelog.com/tokyo/A1316/A131603/13093841/
82 五反田西口店,ビアバー、ダイニングバー、ビアホール・ビアレストラン,https://tabelog.com/tokyo/A1316/A131603/13125897/
居酒屋　あゆみ,居酒屋、創作料理、もつ料理,https://tabelog.com/tokyo/A1316/A131603/13166368/
水炊き・焼き鳥 とりいちず 五反田西口店 ,水炊き、焼鳥、居酒屋,https://tabelog.com/tokyo/A1316/A131603/13180991/
巴蜀人家,中華料理、四川料理、居酒屋,https://tabelog.com/tokyo/A1316/A131603/13180757/
大衆とり屋 WAIGAYA本店 五反田店,鳥料理、鍋（その他）、居酒屋,https://tabelog.com/tokyo/A1316/A131603/13210375/
個室×イタリアン居酒屋 K 五反田店,居酒屋、魚介料理・海鮮料理、イタリアン,https://tabelog.com/tokyo/A1316/A131603/13205671/
ムナ,インド料理、カレーライス、居酒屋,https://tabelog.com/tokyo/A1316/A131603/13112658/
みしょーれ奄美,沖縄料理、居酒屋、焼酎バー,https://tabelog.com/tokyo/A1316/A131603/13037828/
美味閣 ,中華料理,https://tabelog.com/tokyo/A1316/A131603/13091855/
肉バル×ワイン酒場 東京食堂 五反田桜小路,バル・バール、イタリアン、ワインバー,https://tabelog.com/tokyo/A1316/A131603/13152073/
山田うどん食堂 五反田TOC店,うどん、カレーライス,https://tabelog.com/tokyo/A1316/A131603/13204534/
小諸そば 西五反田店,そば、うどん、丼もの（その他）,https://tabelog.com/tokyo/A1316/A131603/13166885/
割烹　望月,割烹・小料理、居酒屋,https://tabelog.com/tokyo/A1316/A131603/13059928/
高はし,そば、居酒屋、日本酒バー,https://tabelog.com/tokyo/A1316/A131603/13059931/
バルセロナ,洋食,https://tabelog.com/tokyo/A1316/A131603/13059534/
川菜苑,中華料理,https://tabelog.com/tokyo/A1316/A131603/13177790/
ポンパドゥール Part2,洋食,https://tabelog.com/tokyo/A1316/A131603/13060819/
イタリアン食堂 五反田店,イタリアン、ダイニングバー,https://tabelog.com/tokyo/A1316/A131603/13194659/
日乃屋カレー 西五反田店,カレーライス,https://tabelog.com/tokyo/A1316/A131603/13207406/
西家食品 五反田支店,弁当、寿司,https://tabelog.com/tokyo/A1316/A131603/13148080/
龍寿司,寿司,https://tabelog.com/tokyo/A1316/A131603/13072318/
ガルーダ,アジア・エスニック料理（その他）,https://tabelog.com/tokyo/A1316/A131603/13203222/
雪月花,魚介料理・海鮮料理、割烹・小料理,https://tabelog.com/tokyo/A1316/A131603/13210088/
島たいむ がんじゅう,沖縄料理、創作料理、居酒屋,https://tabelog.com/tokyo/A1316/A131603/13034226/
吉野家 西五反田１丁目店,牛丼、居酒屋,https://tabelog.com/tokyo/A1316/A131603/13086112/
西五反田食堂,定食・食堂,https://tabelog.com/tokyo/A1316/A131603/13022247/
はるはる亭,うどん、丼もの（その他）,https://tabelog.com/tokyo/A1316/A131603/13122515/
ゆで太郎 五反田TOC店,そば、うどん,https://tabelog.com/tokyo/A1316/A131603/13156366/
KollaBo 五反田店,焼肉、居酒屋、韓国料理,https://tabelog.com/tokyo/A1316/A131603/13211125/
やよい軒 五反田店,定食・食堂,https://tabelog.com/tokyo/A1316/A131603/13101796/
天丼てんや 西五反田店,天丼・天重、天ぷら,https://tabelog.com/tokyo/A1316/A131603/13085959/
ゆで太郎 大崎広小路店 ,そば、うどん、居酒屋,https://tabelog.com/tokyo/A1316/A131603/13118269/
プロント 五反田西口店,ダイニングバー、カフェ、イタリアン,https://tabelog.com/tokyo/A1316/A131603/13036486/
とり鉄 五反田駅前店,居酒屋、焼鳥,https://tabelog.com/tokyo/A1316/A131603/13051580/
楽宴,中華料理、居酒屋、アジア・エスニック料理（その他）,https://tabelog.com/tokyo/A1316/A131603/13116766/
鮨Dining Another Breath,寿司、ダイニングバー,https://tabelog.com/tokyo/A1316/A131603/13038269/
敦盛,日本酒バー、焼酎バー,https://tabelog.com/tokyo/A1316/A131603/13078636/
サブウェイ 五反田西口店,サンドイッチ、カフェ,https://tabelog.com/tokyo/A1316/A131603/13103836/
サブウェイ 五反田TOCビル,サンドイッチ、カフェ,https://tabelog.com/tokyo/A1316/A131603/13103753/
蔵出,居酒屋,https://tabelog.com/tokyo/A1316/A131603/13083811/
お台処 そのべ,居酒屋,https://tabelog.com/tokyo/A1316/A131603/13014654/
旬八青果店 五反田店,その他,https://tabelog.com/tokyo/A1316/A131603/13208102/
マイン,喫茶店,https://tabelog.com/tokyo/A1316/A131603/13076235/
いちまつ,居酒屋,https://tabelog.com/tokyo/A1316/A131603/13077437/
五輪鮨 五反田西口店,寿司、海鮮丼,https://tabelog.com/tokyo/A1316/A131603/13014661/
吉そば 五反田店,立ち食いそば、うどん、天ぷら,https://tabelog.com/tokyo/A1316/A131603/13076654/
串揚げ酒場 仲丸,串揚げ・串かつ、居酒屋、その他肉料理,https://tabelog.com/tokyo/A1316/A131603/13120776/
らがん,居酒屋、郷土料理（その他）、魚介料理・海鮮料理,https://tabelog.com/tokyo/A1316/A131603/13014658/
酒蔵ごたん田,居酒屋,https://tabelog.com/tokyo/A1316/A131603/13092124/
天下一 五反田店,餃子、中華麺（その他）、中華料理,https://tabelog.com/tokyo/A1316/A131603/13090353/
東海菜館,中華料理、中華麺（その他）,https://tabelog.com/tokyo/A1316/A131603/13094019/
日高屋 西五反田1丁目店,ラーメン、中華料理、定食・食堂,https://tabelog.com/tokyo/A1316/A131603/13139782/
カフェ・ベローチェ 西五反田店,カフェ、コーヒー専門店、喫茶店,https://tabelog.com/tokyo/A1316/A131603/13039275/
口福飯店,中華料理、中国鍋・火鍋、居酒屋,https://tabelog.com/tokyo/A1316/A131603/13098443/
CoCo壱番屋 五反田山手通店,カレーライス,https://tabelog.com/tokyo/A1316/A131603/13077933/
元祖 札幌や 五反田TOC店,ラーメン、つけ麺、担々麺,https://tabelog.com/tokyo/A1316/A131603/13103720/
マーブル,喫茶店,https://tabelog.com/tokyo/A1316/A131603/13076233/
イタリアントマト カフェジュニア 五反田TOC店,イタリアン、カフェ,https://tabelog.com/tokyo/A1316/A131603/13072613/
すき家 西五反田一丁目店,牛丼、カレーライス、定食・食堂,https://tabelog.com/tokyo/A1316/A131603/13136440/
いづみや,そば、うどん、定食・食堂,https://tabelog.com/tokyo/A1316/A131603/13092140/
美智子,焼鳥、居酒屋,https://tabelog.com/tokyo/A1316/A131603/13126962/
とん清,とんかつ,https://tabelog.com/tokyo/A1316/A131603/13080630/
おべんとうハウス 五反田店,弁当,https://tabelog.com/tokyo/A1316/A131603/13121078/
串や 五反田店,居酒屋、串揚げ・串かつ、焼酎バー,https://tabelog.com/tokyo/A1316/A131603/13046314/
六甲亭,居酒屋,https://tabelog.com/tokyo/A1316/A131603/13083806/
リプトン,喫茶店,https://tabelog.com/tokyo/A1316/A131603/13076325/
松屋 西五反田店,牛丼、カレーライス、定食・食堂,https://tabelog.com/tokyo/A1316/A131603/13094905/
華苑,中華料理、居酒屋,https://tabelog.com/tokyo/A1316/A131603/13145060/
味苑 五反田店,四川料理、広東料理,https://tabelog.com/tokyo/A1316/A131603/13150735/
郷土料理 吾作,郷土料理（その他）、懐石・会席料理、和食（その他）,https://tabelog.com/tokyo/A1316/A131603/13027702/
酒・蕎麦 田治,居酒屋、そば、日本酒バー,https://tabelog.com/tokyo/A1316/A131603/13146956/
エクセルシオールカフェ 五反田ＴＯＣ店,カフェ、コーヒー専門店、喫茶店,https://tabelog.com/tokyo/A1316/A131603/13106920/
坊乃,居酒屋,https://tabelog.com/tokyo/A1316/A131603/13136143/
カフェ マハロ,カフェ・喫茶（その他）、アジア・エスニック料理（その他）、バー,https://tabelog.com/tokyo/A1316/A131603/13186422/
越路家,そば、うどん、天丼・天重,https://tabelog.com/tokyo/A1316/A131603/13067580/
天まる,うどん、天ぷら、天丼・天重,https://tabelog.com/tokyo/A1316/A131603/13160869/
中華ダイニング 逸品源,中華料理、居酒屋、中国鍋・火鍋,https://tabelog.com/tokyo/A1316/A131603/13195633/
澤崎,割烹・小料理,https://tabelog.com/tokyo/A1316/A131603/13164682/
田中酒店,その他,https://tabelog.com/tokyo/A1316/A131603/13191096/
京,喫茶店,https://tabelog.com/tokyo/A1316/A131603/13089158/
小松家そば店,そば、うどん、定食・食堂,https://tabelog.com/tokyo/A1316/A131603/13092678/
五反田 大勝軒,ラーメン、つけ麺、中華料理,https://tabelog.com/tokyo/A1316/A131603/13059611/
魚かん,居酒屋、魚介料理・海鮮料理、日本酒バー,https://tabelog.com/tokyo/A1316/A131603/13174276/
もつ千 五反田西口店,居酒屋、もつ焼き、焼鳥,https://tabelog.com/tokyo/A1316/A131603/13212815/
カリフォルニア酒場 Huntington,居酒屋、ステーキ、鉄板焼き,https://tabelog.com/tokyo/A1316/A131603/13210058/
瀬戸内朝採れ鮮魚と酒菜 蒼,居酒屋、魚介料理・海鮮料理、郷土料理（その他）,https://tabelog.com/tokyo/A1316/A131603/13198155/
肉バル＆チーズ ビストロダイニング VINO 五反田店,イタリアン、バル・バール、ピザ,https://tabelog.com/tokyo/A1316/A131603/13210257/
一発屋,居酒屋、もつ鍋、ダイニングバー,https://tabelog.com/tokyo/A1316/A131603/13153256/
創作中華　火鳳 五反田店,中華料理,https://tabelog.com/tokyo/A1316/A131603/13209072/
にしぽるこ,イタリアン,https://tabelog.com/tokyo/A1316/A131603/13214540/
焼鳥 おかめ,焼鳥、居酒屋,https://tabelog.com/tokyo/A1316/A131603/13179053/
だるま 五反田店,串焼き、焼鳥,https://tabelog.com/tokyo/A1316/A131603/13140642/
うたかた,ダイニングバー,https://tabelog.com/tokyo/A1316/A131603/13146587/